Workbook

Sheet README
A1: CMCC Truth Model (Constructed vs. Reality-Constrained Truth)
A3: What this workbook is:
A4: A small CMCC-style model built with the five primitives: S = Schema (what columns exist) D = Data (rows) L = Lookups (references between tables) A = Aggregations (roll-ups / checks) F = Formulas (pure calculated fields) It encodes your prompt as computable rules about: (a) constructed truths (definitions/conventions) and (b) reality-constrained invariants (unit-independent quantities).
A6: How to play with it:
A7: 1) Go to D_Constants and change a value in a yellow cell (e.g., electron mass). 2) Derived calculations in F_Calculations and checks in D_Claims update. 3) D_Questions gives TRUE/FALSE answers to the prompt’s key questions. Yellow cells = inputs. Everything else is computed.
A9: Primary sources used for constants/conversions (also recorded as URLs in Notes/comments):
A10: NIST CODATA constants: https://physics.nist.gov/constants
A11: BIPM SI Brochure: https://www.bipm.org/en/publications/si-brochure
A12: NIST unit converter (eV↔J): https://physics.nist.gov/cgi-bin/cuu/Convert?From=ev&To=j
A14: Tabs:
A15: S_Schema (meta), D_Units, D_Constants, F_Calculations, D_Instances, D_Claims, D_Questions, A_Dashboard

Sheet S_Schema
A1: Table | B1: Field | C1: Type | D1: Required? | E1: Description
A2: D_Units | B2: UnitID | C2: Text | D2: Y | E2: Stable identifier (e.g., U_J, U_eV)
A3: D_Units | B3: ToSI_Mult | C3: Number | D3: Y | E3: Multiply by this to convert to SI base unit
A4: D_Units | B4: ToSI_Offset | C4: Number | D4: Y | E4: Add this to convert to SI base unit (temperature)
A5: D_Constants | B5: ConstantID | C5: Text | D5: Y | E5: Stable identifier (e.g., C_me, C_c)
A6: D_Constants | B6: Value | C6: Number | D6: Y | E6: Value in the given unit
A7: D_Constants | B7: Value_SI | C7: Formula | D7: Y | E7: Value converted to SI using D_Units
A8: F_Calculations | B8: CalcID | C8: Text | D8: Y | E8: Stable identifier for derived calculations
A9: F_Calculations | B9: Result_SI | C9: Formula | D9: Y | E9: Derived value in SI
A10: D_Instances | B10: InstanceID | C10: Text | D10: Y | E10: Scenario instance for a quantity
A11: D_Instances | B11: Canonical_SI | C11: Formula | D11: Y | E11: Instance value converted to SI
A12: D_Claims | B12: Pass | C12: Formula | D12: Y | E12: TRUE/FALSE whether the claim's criteria are met
A13: D_Questions | B13: Answer | C13: Formula | D13: Y | E13: TRUE/FALSE answer derived from claims

Sheet D_Units
A1: UnitID | B1: UnitName | C1: QuantityKind | D1: SI_UnitName | E1: ToSI_Mult | F1: ToSI_Offset | G1: Notes_URL
A2: U_J | B2: joule | C2: Energy | D2: J | E2: 1 | F2: 0 | G2: https://www.bipm.org/en/measurement-units
A3: U_eV | B3: electronvolt | C3: Energy | D3: J | E3: 1.6021766e-19 | F3: 0 | G3: https://physics.nist.gov/cgi-bin/cuu/Value?evj=
A4: U_ftlbf | B4: foot-pound force | C4: Energy | D4: J | E4: 1.3558179 | F4: 0 | G4: https://www.convertunits.com/from/ft-lbf/to/joule
A5: U_K | B5: kelvin | C5: Temperature | D5: K | E5: 1 | F5: 0 | G5: https://www.bipm.org/documents/20126/41483022/SI-Brochure-9-concise-EN.pdf
A6: U_C | B6: degree Celsius | C6: Temperature | D6: K | E6: 1 | F6: 273.15 | G6: https://www.bipm.org/documents/20126/41483022/SI-Brochure-9-concise-EN.pdf
A7: U_kg | B7: kilogram | C7: Mass | D7: kg | E7: 1 | F7: 0 | G7: https://www.bipm.org/en/measurement-units
A8: U_mps | B8: metre per second | C8: Speed | D8: m/s | E8: 1 | F8: 0 | G8: https://www.bipm.org/documents/20126/41483022/SI-Brochure-9-EN.pdf
A9: U_Coul | B9: coulomb | C9: Charge | D9: C | E9: 1 | F9: 0 | G9: https://www.bipm.org/en/measurement-units

Sheet D_Constants
A1: ConstantID | B1: Name | C1: Symbol | D1: Value | E1: UnitID | F1: SourceLayer | G1: Authority_URL | H1: Unit_ToSI_Mult | I1: Unit_ToSI_Offset | J1: Value_SI | K1: Notes
A2: C_me | B2: electron mass | C2: m_e | D2: 9.1093837e-31 | E2: U_kg | F2: Measured (CODATA) | G2: https://physics.nist.gov/cgi-bin/cuu/Value?me= | H2: =VLOOKUP(E2,D_Units!$A$2:$G$9,5,FALSE) | I2: =VLOOKUP(E2,D_Units!$A$2:$G$9,6,FALSE) | J2: =D2*H2+I2 | K2: From NIST CODATA
A3: C_c | B3: speed of light in vacuum | C3: c | D3: 299792458 | E3: U_mps | F3: Defined (SI) | G3: https://www.bipm.org/en/measurement-units | H3: =VLOOKUP(E3,D_Units!$A$2:$G$9,5,FALSE) | I3: =VLOOKUP(E3,D_Units!$A$2:$G$9,6,FALSE) | J3: =D3*H3+I3 | K3: Exact by SI definition
A4: C_e | B4: elementary charge | C4: e | D4: 1.6021766e-19 | E4: U_Coul | F4: Defined (SI) | G4: https://www.bipm.org/en/measurement-units | H4: =VLOOKUP(E4,D_Units!$A$2:$G$9,5,FALSE) | I4: =VLOOKUP(E4,D_Units!$A$2:$G$9,6,FALSE) | J4: =D4*H4+I4 | K4: Exact by SI definition
A5: C_mec2 | B5: electron mass energy equivalent | C5: m_e c^2 | D5: 8.1871058e-14 | E5: U_J | F5: Measured/Adjusted (CODATA) | G5: https://physics.nist.gov/cgi-bin/cuu/Value?mec2%7Csearch_for=electron+mass | H5: =VLOOKUP(E5,D_Units!$A$2:$G$9,5,FALSE) | I5: =VLOOKUP(E5,D_Units!$A$2:$G$9,6,FALSE) | J5: =D5*H5+I5 | K5: Reference value to validate E=mc^2 calc
A6: C_abs0 | B6: absolute zero (thermodynamic) | C6: 0 K | D6: 0 | E6: U_K | F6: Defined (scale anchor) | G6: https://www.bipm.org/documents/20126/41483022/SI-Brochure-9-concise-EN.pdf | H6: =VLOOKUP(E6,D_Units!$A$2:$G$9,5,FALSE) | I6: =VLOOKUP(E6,D_Units!$A$2:$G$9,6,FALSE) | J6: =D6*H6+I6 | K6: 0 K is absolute zero on Kelvin scale

Sheet F_Calculations
A1: CalcID | B1: Name | C1: Expression | D1: Result_UnitID | E1: Result_SI | F1: Notes
A2: F_Ecalc | B2: Electron rest energy from E=mc^2 | C2: m_e * c^2 | D2: U_J | E2: =VLOOKUP("C_me",D_Constants!$A$2:$J$6,10,FALSE)*(VLOOKUP("C_c",D_Constants!$A$2:$J$6,10,FALSE)^2) | F2: Uses constants C_me and C_c
A3: F_eV_to_J | B3: eV to J conversion | C3: e (since 1 V = 1 J/C, so eV = e·J) | D3: U_J | E3: =VLOOKUP("C_e",D_Constants!$A$2:$J$6,10,FALSE) | F3: Checks constructed truth: conversion derives from defined constants
A4: F_T_C_from_K | B4: Celsius from Kelvin | C4: t(°C)=T(K)-273.15 | D4: U_C | F4: Uses BIPM relationship

Sheet D_Instances
A1: InstanceID | B1: Scenario | C1: QuantityName | D1: QuantityKind | E1: Value | F1: UnitID | G1: Unit_ToSI_Mult | H1: Unit_ToSI_Offset | I1: Canonical_SI | J1: Notes
A2: I_Ecalc_J | B2: ElectronRestEnergy | C2: E (calc) | D2: Energy | E2: =VLOOKUP("F_Ecalc",F_Calculations!$A$2:$E$4,5,FALSE) | F2: U_J | G2: =VLOOKUP(F2,D_Units!$A$2:$G$9,5,FALSE) | H2: =VLOOKUP(F2,D_Units!$A$2:$G$9,6,FALSE) | I2: =E2*G2+H2 | J2: From F_Ecalc
A3: I_Ecalc_eV | B3: ElectronRestEnergy | C3: E (calc) | D3: Energy | E3: =VLOOKUP("F_Ecalc",F_Calculations!$A$2:$E$4,5,FALSE)/VLOOKUP("F_eV_to_J",F_Calculations!$A$2:$E$4,5,FALSE) | F3: U_eV | G3: =VLOOKUP(F3,D_Units!$A$2:$G$9,5,FALSE) | H3: =VLOOKUP(F3,D_Units!$A$2:$G$9,6,FALSE) | I3: =E3*G3+H3 | J3: Converted from SI
A4: I_Ecalc_ftlbf | B4: ElectronRestEnergy | C4: E (calc) | D4: Energy | E4: =VLOOKUP("F_Ecalc",F_Calculations!$A$2:$E$4,5,FALSE)/VLOOKUP("U_ftlbf",D_Units!$A$2:$G$9,5,FALSE) | F4: U_ftlbf | G4: =VLOOKUP(F4,D_Units!$A$2:$G$9,5,FALSE) | H4: =VLOOKUP(F4,D_Units!$A$2:$G$9,6,FALSE) | I4: =E4*G4+H4 | J4: Converted from SI
A5: I_Eexpected_J | B5: ElectronRestEnergy | C5: E (CODATA) | D5: Energy | E5: =VLOOKUP("C_mec2",D_Constants!$A$2:$J$6,10,FALSE) | F5: U_J | G5: =VLOOKUP(F5,D_Units!$A$2:$G$9,5,FALSE) | H5: =VLOOKUP(F5,D_Units!$A$2:$G$9,6,FALSE) | I5: =E5*G5+H5 | J5: Reference constant C_mec2
A6: I_Tabs0_K | B6: AbsoluteZero | C6: T absolute | D6: Temperature | E6: 0 | F6: U_K | G6: =VLOOKUP(F6,D_Units!$A$2:$G$9,5,FALSE) | H6: =VLOOKUP(F6,D_Units!$A$2:$G$9,6,FALSE) | I6: =E6*G6+H6 | J6: 0 Kelvin
A7: I_Tabs0_C | B7: AbsoluteZero | C7: T absolute | D7: Temperature | E7: =E6-273.15 | F7: U_C | G7: =VLOOKUP(F7,D_Units!$A$2:$G$9,5,FALSE) | H7: =VLOOKUP(F7,D_Units!$A$2:$G$9,6,FALSE) | I7: =E7*G7+H7 | J7: Celsius representation of absolute zero

Sheet D_Claims
A1: ClaimID | B1: ClaimText | C1: ClaimType | D1: Criteria | E1: InstanceID_1 | F1: InstanceID_2 | G1: InstanceID_3 | H1: ToleranceAbs_SI | I1: SI_1 | J1: SI_2 | K1: SI_3 | L1: RangeAbs | M1: Pass | N1: TruthSource_Layer
A2: CL1 | B2: Electron rest energy is invariant across units (J, eV, ft-lbf). | C2: Reality-constrained invariant | D2: Max(SI)-Min(SI) <= tolerance | E2: I_Ecalc_J | F2: I_Ecalc_eV | G2: I_Ecalc_ftlbf | H2: 1e-25 | I2: =IF(E2="","",VLOOKUP(E2,D_Instances!$A$2:$I$7,9,FALSE)) | J2: =IF(F2="","",VLOOKUP(F2,D_Instances!$A$2:$I$7,9,FALSE)) | K2: =IF(G2="","",VLOOKUP(G2,D_Instances!$A$2:$I$7,9,FALSE)) | L2: =IF(K2="",ABS(I2-J2),MAX(I2,J2,K2)-MIN(I2,J2,K2)) | M2: =L2<=H2 | N2: =IF(LEFT(C2,11)="Constructed","Convention/Definition","Reality (constraint) + Convention (coordinates)")
A3: CL2 | B3: E = m c^2 (using m_e and c) matches CODATA m_e c^2 within tolerance. | C3: Reality-constrained invariant | D3: Abs(SI_calc - SI_ref) <= tolerance | E3: I_Ecalc_J | F3: I_Eexpected_J | H3: 1e-22 | I3: =IF(E3="","",VLOOKUP(E3,D_Instances!$A$2:$I$7,9,FALSE)) | J3: =IF(F3="","",VLOOKUP(F3,D_Instances!$A$2:$I$7,9,FALSE)) | K3: =IF(G3="","",VLOOKUP(G3,D_Instances!$A$2:$I$7,9,FALSE)) | L3: =IF(K3="",ABS(I3-J3),MAX(I3,J3,K3)-MIN(I3,J3,K3)) | M3: =L3<=H3 | N3: =IF(LEFT(C3,11)="Constructed","Convention/Definition","Reality (constraint) + Convention (coordinates)")
A4: CL3 | B4: 0 K and -273.15 °C represent the same absolute temperature. | C4: Mixed (scale + reality) | D4: Abs(SI_K - SI_C) <= tolerance | E4: I_Tabs0_K | F4: I_Tabs0_C | H4: 1e-09 | I4: =IF(E4="","",VLOOKUP(E4,D_Instances!$A$2:$I$7,9,FALSE)) | J4: =IF(F4="","",VLOOKUP(F4,D_Instances!$A$2:$I$7,9,FALSE)) | K4: =IF(G4="","",VLOOKUP(G4,D_Instances!$A$2:$I$7,9,FALSE)) | L4: =IF(K4="",ABS(I4-J4),MAX(I4,J4,K4)-MIN(I4,J4,K4)) | M4: =L4<=H4 | N4: =IF(LEFT(C4,11)="Constructed","Convention/Definition","Reality (constraint) + Convention (coordinates)")
A5: CL4 | B5: 1 eV equals e joules (constructed via SI definition of e and volt). | C5: Constructed (definition/convention) | D5: Abs(eV_to_J - e) <= tolerance | H5: 0 | I5: =VLOOKUP("F_eV_to_J",F_Calculations!$A$2:$E$4,5,FALSE) | J5: =VLOOKUP("C_e",D_Constants!$A$2:$J$6,10,FALSE) | L5: =ABS(I5-J5) | M5: =L5<=H5 | N5: =IF(LEFT(C5,11)="Constructed","Convention/Definition","Reality (constraint) + Convention (coordinates)")

Sheet D_Questions
A1: QID | B1: Question | C1: Mapped_Claims | D1: Answer | E1: Explanation
A2: Q0 | B2: Are some truths in the model constructed (true because defined)? | C2: CL4 | D2: =VLOOKUP("CL4",D_Claims!$A$2:$M$5,13,FALSE) | E2: TRUE if the definitional/conventional check (CL4) passes.
A3: Q1 | B3: Are there consistent truths that don’t come from construction (i.e., unit-independent invariants)? | C3: CL1,CL2,CL3 | D3: =OR(VLOOKUP("CL1",D_Claims!$A$2:$M$5,13,FALSE),VLOOKUP("CL2",D_Claims!$A$2:$M$5,13,FALSE),VLOOKUP("CL3",D_Claims!$A$2:$M$5,13,FALSE)) | E3: TRUE if at least one reality-constrained invariant claim passes.
A4: Q2 | B4: Does changing the measurement system (J vs ft-lbf vs eV) change the underlying electron rest energy? | C4: CL1 | D4: =NOT(VLOOKUP("CL1",D_Claims!$A$2:$M$5,13,FALSE)) | E4: FALSE if CL1 passes (energy is invariant after conversion).
A5: Q3 | B5: Does E=mc^2 hold as long as appropriate conversions are done? | C5: CL2 | D5: =VLOOKUP("CL2",D_Claims!$A$2:$M$5,13,FALSE) | E5: TRUE if CL2 passes.
A6: Q4 | B6: Is 0 K the same temperature as −273.15 °C (after conversion)? | C6: CL3 | D6: =VLOOKUP("CL3",D_Claims!$A$2:$M$5,13,FALSE) | E6: TRUE if CL3 passes.
A7: Q5 | B7: Is 'reality' the constraining source of truth for invariants in this model? | C7: CL1,CL2,CL3 | D7: =OR(VLOOKUP("CL1",D_Claims!$A$2:$M$5,13,FALSE),VLOOKUP("CL2",D_Claims!$A$2:$M$5,13,FALSE),VLOOKUP("CL3",D_Claims!$A$2:$M$5,13,FALSE)) | E7: TRUE if at least one invariant passes; conventions set coordinates (units), reality constrains what fits.

Sheet A_Dashboard
A1: Dashboard
A3: Key computed values (SI):
A4: Electron rest energy (calc) [J] | B4: =VLOOKUP("F_Ecalc",F_Calculations!$A$2:$E$4,5,FALSE)
A5: Electron rest energy (CODATA) [J] | B5: =VLOOKUP("C_mec2",D_Constants!$A$2:$J$6,10,FALSE)
A6: Absolute zero [K] | B6: =VLOOKUP("C_abs0",D_Constants!$A$2:$J$6,10,FALSE)
A8: Claims passing | B8: =COUNTIF(D_Claims!$M$2:$M$5,TRUE)
A9: Claims total | B9: =4
A11: Questions (TRUE/FALSE):
A12: =D_Questions!B2 | B12: =D_Questions!D2
A13: =D_Questions!B3 | B13: =D_Questions!D3
A14: =D_Questions!B4 | B14: =D_Questions!D4
A15: =D_Questions!B5 | B15: =D_Questions!D5
A16: =D_Questions!B6 | B16: =D_Questions!D6
A17: =D_Questions!B7 | B17: =D_Questions!D7
